Name,Tags,Count,Image,Price,Category
Abhi the Nomad - Marbled,"Rock, HipHop",1,https://lastfm-img2.akamaized.net/i/u/300x300/cc5177e7c50ef232cff1c8e8be7a3b82.png,40,CD Premiums
"Adams, Ryan - Prisoner",Rock,1,,40,CD Premiums
"Adolfo, Antonio - Tema","Latin, Jazz",1,,40,CD Premiums
"Ainsworth, Laura - New Vintage",Jazz,1,,40,CD Premiums
Alberta Cross - Songs Of Patience,Rock,1,https://lastfm-img2.akamaized.net/i/u/300x300/43b8d1e30dd544e3aa9b19775f69fc1b.png,40,CD Premiums
"Ali, Azam - Elysium for the Brave",World,1,https://lastfm-img2.akamaized.net/i/u/300x300/2bb00716d9bc2115eef91efb20701f29.png,40,CD Premiums
All That Remains - The Order Of Things,Metal,1,https://lastfm-img2.akamaized.net/i/u/300x300/97452e1d54534586c5a62c3bc1dab663.png,40,CD Premiums
Banda Magda - Tigre,World,2,https://lastfm-img2.akamaized.net/i/u/300x300/e317cade8c3c521e3df0cbeb33c060e0.png,40,CD Premiums
Alma Afrobeat Ensemble - Life No Get Duplicate,World,1,,40,CD Premiums
"Barnosky, Alan - Old Freight",Folk/CW,1,,40,CD Premiums
"Altan - Widening Gyre, The",Celtic,4,,40,CD Premiums
Chicago Afrobeat Project - What Goes Up (feat. Tony Allen),World,15,,40,CD Premiums
Black Mirrors - Look Into The Black Mirror,Metal,2,https://lastfm-img2.akamaized.net/i/u/300x300/d94e817fd712cfa829f648ca306fe7a0.png,40,CD Premiums
Molly Tigre - Molly Tigre,World,10,,40,CD Premiums
Ancient Wisdom - Deathlike,Metal,1,,40,CD Premiums
"Andrews, Glen David - Redemption",Jazz,2,,40,CD Premiums
Anemone - Baby Only  You & I,Rock,1,,40,CD Premiums
"Answer, The - Solas",Metal,1,,40,CD Premiums
"Arriale Trio, Lynne - GiveUs These Days",Jazz,1,,40,CD Premiums
Armored Dawn - Armored Dawn,Metal,1,,40,CD Premiums
Army Of The Universe - 1999 & the Aftershow,RPM/Industrial,1,https://lastfm-img2.akamaized.net/i/u/300x300/66e88c18aa0ce04f02b8556efd755392.png,40,CD Premiums
"Ars Lyrica, Houston - Domenico Scarlatti's La Dirindina",Classical,1,,40,CD Premiums
Assassins - War of Aggression,Metal,1,https://lastfm-img2.akamaized.net/i/u/300x300/5368888d2bc84ce6cc4eca0bb3fd2642.png,40,CD Premiums
"Atakoglu, Fahir - Live at Umbria Jazz",Jazz,1,,40,CD Premiums
"Atlas & the Mazzeka Ensemble, Natacha - Ana Hina",World,1,,40,CD Premiums
"Au Quartet, Allison - Forest Grove",Jazz,1,,40,CD Premiums
"Aubele, Federico - Amatoria",RPM/Industrial,1,,40,CD Premiums
Sticky Fingers - Your To Keep,Rock,1,,40,CD Premiums
Aurelio - Laru Beya,World,1,https://lastfm-img2.akamaized.net/i/u/300x300/2fb53dadd71549268f16a132c965d73d.png,40,CD Premiums
Balkan Clarinet Summit - Many Languages - One Soul,World,1,https://lastfm-img2.akamaized.net/i/u/300x300/577498c8d58b4de9cdf7f199c4f8d86f.png,40,CD Premiums
"Ball, Marcia - Shine Bright",Blues,7,,40,CD Premiums
Barenaked Ladies - BNL Rocks Red Rocks,Rock,3,https://lastfm-img2.akamaized.net/i/u/300x300/c43124b7a67884dc2d497516e7993bcc.png,40,CD Premiums
"Barnett & Kurt Vile, Courtney - Lotta Sea Lice",Rock,1,,40,CD Premiums
"Bartra, Corima - Son Zumbon",Latin,1,,40,CD Premiums
"Bayonettes, The - Crash Boom Bang!",Rock,1,,40,CD Premiums
"Morrow, Q - There Are Stars In Brooklyn",Jazz,1,,40,CD Premiums
Bent Knee - Say So,Rock,1,https://lastfm-img2.akamaized.net/i/u/300x300/9283b0e464f40b71d119b48e77fcb410.png,40,CD Premiums
Beverly - Blue Swell,Rock,2,,40,CD Premiums
Beyond The Pale - Postcards,Folk/CW,1,https://lastfm-img2.akamaized.net/i/u/300x300/5bd8ed2d8545490b8027cc4932e6cc54.png,40,CD Premiums
"Bird, Everett - People Person",Rock,1,,40,CD Premiums
Birdsong At Morning - A Slight Departure,Folk/CW,1,,40,CD Premiums
"Lambert Trio, Yves - Tentation",Folk/CW,1,,40,CD Premiums
"Blacc, Aloe - Lift Your Spirit",R&B,1,,40,CD Premiums
Black Sabbath - Paranoid,Metal,1,https://lastfm-img2.akamaized.net/i/u/300x300/60e34acbdc85261c72ba7e059973c5dd.png,40,CD Premiums
"Black, Cletus - Loaded Dice",Folk/CW,1,,40,CD Premiums
"Blanchard featuring the E-Collective, Terence - Live",Jazz,2,,40,CD Premiums
"Blanchard, Terence - A Tale of God's Will (A Requiem for Katrina)",Jazz,1,,40,CD Premiums
Blank Square - Animal I,Rock,1,,40,CD Premiums
Blank Range - Marooned With The Treasure,Rock,1,https://lastfm-img2.akamaized.net/i/u/300x300/41f2cf736282743cecc3c35a3329a284.png,40,CD Premiums
WiccaPhase Springs Eternal - Suffer On,Rock,1,,40,CD Premiums
Blind Guardian - Beyond The Red Mirror,Metal,1,https://lastfm-img2.akamaized.net/i/u/300x300/0898c36cc3a948f7c89bacda32ce76eb.png,40,CD Premiums
"Blondet, Thomas - Future World",RPM/Inudustrial,1,,40,CD Premiums
Bloodbath - Grand Morbid Funeral,Metal,1,https://lastfm-img2.akamaized.net/i/u/300x300/49a48823feee865ae84bdc219fc8af5a.png,40,CD Premiums
Blue Lunch - Blue Lunch Special-30th Anniversary Deluxe Edition,Blues,2,,40,CD Premiums
Bohemian Trio - Okonkolo,Jazz,1,,40,CD Premiums
Bonerama - Hot Like Fire,Jazz,1,https://lastfm-img2.akamaized.net/i/u/300x300/856afd2e9c0ce71ccad31ac99df3a6af.png,40,CD Premiums
Motherhood - Dear Bongo,Rock,1,https://lastfm-img2.akamaized.net/i/u/300x300/78eb26139256fbfab3fff3bc60e2a6cd.png,40,CD Premiums
"Boros, Zsofia - Local Objects",Classical,1,,40,CD Premiums
"Brecker, Randy - Randy Pop!",Jazz,1,,40,CD Premiums
"Breeders, The - All Nerve",Rock,5,,40,CD Premiums
"Bridgewater, Dee Dee - Memphis... Yes, I'm Ready",Jazz,1,,40,CD Premiums
"Butler, Chris - Easy Life",Rock,3,,40,CD Premiums
"Butler, Chris - Got It Together!",Rock,4,,40,CD Premiums
"Butler & Ralph Carney, Chris - Songs For unsung Holidays",Rock,1,,40,CD Premiums
National Beat (feat. Cha Wa) - Carnival Caravan,Jazz,1,,40,CD Premiums
Cassie and Maggie - The Willow Collection,Folk/CW,1,,40,CD Premiums
"Carey, Kyle - The Art Of Forgetting",Folk/CW,1,,40,CD Premiums
Buzzcocks - Sprial Scratch / Time's Up,Rock,1,,40,CD Premiums
"California Honeydrops, The - Call It Home Vol. 1 & 2",Folk/CW,1,,40,CD Premiums
"Campbell, Glen - Adios",Pop,1,,40,CD Premiums
"Carpenter, Mary Chapin - Sometimes Just The Sky",Folk/CW,1,,40,CD Premiums
Cash Box Kings - Royal Mint,Blues,2,,40,CD Premiums
"Cash Box Kings, The - Holding Court",Blues,1,,40,CD Premiums
"Castelo, Custodio - The Art of the Portuguese Fado Guitar",World,1,,40,CD Premiums
"Castiglia, Albert - Up All Night",Blues,1,,40,CD Premiums
"Cattaneo, Susan - Hammer & The Heart, The",Folk/CW,1,,40,CD Premiums
"Cave & The Bad Seeds, Nick - Skeleton Tree",Rock,1,,40,CD Premiums
Celtic Women - Voices of Angels,Celtic,1,,40,CD Premiums
Chastity Belt - I Used To Spend Somuch Time Alone,Rock,2,,40,CD Premiums
Chai - Pink,Rock,1,https://lastfm-img2.akamaized.net/i/u/300x300/c7061f6efaeb277c1accdb75b5e50ce3.png,40,CD Premiums
Cheer-Accident - Putting Off Death,Rock,1,https://lastfm-img2.akamaized.net/i/u/300x300/f66a16905bb55d658959854fbe244275.png,40,CD Premiums
"Chew, Vicki - People in the Sun",Folk/CW,1,,40,CD Premiums
Childbirth - Women's Rights,Rock,1,https://lastfm-img2.akamaized.net/i/u/300x300/62b4d7e011c547325ff389bdde5acc30.png,40,CD Premiums
Chrome Sparks - Chrome Sparks,RPM/Industrial,1,https://lastfm-img2.akamaized.net/i/u/300x300/6b37318159416a5645fadc2675f7b991.png,40,CD Premiums
"Orbison, Roy - Unchained Melodies",Rock,1,,40,CD Premiums
Circle Around The Sun - Interludes For The Dead,Metal,1,,40,CD Premiums
"Clark Jr., Gary - The Story of Sonny Boy Slim",Rock,1,,40,CD Premiums
decker. - Born To Wake Up,Rock,1,https://lastfm-img2.akamaized.net/i/u/300x300/e9756e5e241abfa714c2d58a48f6133e.png,40,CD Premiums
"Clementine, Benjamin - I Tell A Fly",R&B,1,,40,CD Premiums
Cleveland Orchestra - Pierre Boulez - Petruchka / The Rite Of Spring,Classical,1,,40,CD Premiums
"Cleveland Steamers, The - Best Record Ever",Rock,1,,40,CD Premiums
Clipping - Splendor & Misery,Rock,1,,40,CD Premiums
Close Your Eyes - Line In The Sand,Metal,1,https://lastfm-img2.akamaized.net/i/u/300x300/cf6cdfe79e8540b9838e584ceffc9c44.png,40,CD Premiums
Cloud Cult - The Seeker,Metal,1,https://lastfm-img2.akamaized.net/i/u/300x300/cab2f27b56b27e8ebbe5a1eccd1ea684.png,40,CD Premiums
"Como Mamas, The - Move Upstairs",R&B,,,40,CD Premiums
"Cohen & Patricia Ford, Phil - Threads Of Gold",Folk/CW,1,,40,CD Premiums
"Cohen, Avishai - After the Big Rain",Jazz,1,,40,CD Premiums
"Cohen, Avishai - As Is...Live at the Blue Note",Jazz,1,https://lastfm-img2.akamaized.net/i/u/300x300/cf7126be06474156a8950dbf08ac5aa8.png,40,CD Premiums
"Cole, Freddy - This Love Of Mine",Jazz,1,,40,CD Premiums
"Cooder, Joachim - Fuchsia Machi Picchu",Folk/CW,6,,40,CD Premiums
"Colter, Jessi - Psalms, The",Folk/CW,1,,40,CD Premiums
"Cooder, Ry - The Prodigal Son",Folk/CW,2,,40,CD Premiums
"Cooman, Carson - A Marvelous Love - New Music for Organ",Classical,1,,40,CD Premiums
Cosmonauts - A-OK!,Rock,1,https://lastfm-img2.akamaized.net/i/u/300x300/2f3b0d39a5bf3c81570e13d883bdf6aa.png,40,CD Premiums
El Dios Malo - Necessary Evils,Metal,1,,40,CD Premiums
"Cotton, Eddie - One at a Time",Blues,1,,40,CD Premiums
"Country Rockers, The - Free Range Chicken",Folk/CW,1,,40,CD Premiums
"Way Down Wanderers, The - Illusions",Folk/CW,1,,40,CD Premiums
"Crowell, Rodney - Close Ties",Folk/CW,2,,40,CD Premiums
Carolina Story - Lay Your Head Down,Folk/CW,1,https://lastfm-img2.akamaized.net/i/u/300x300/cc901b75593c0bf268d59d07533479ea.png,40,CD Premiums
"Cudd, Patti - Eos",Classical,1,,40,CD Premiums
"Cuevas, Eliana - See Folk/CW","World, Folk/CW",0,,40,CD Premiums
"Cuevas, Eliana - Golpes y Flores",Folk/CW,1,,40,CD Premiums
"Cunliff Trio, Bill - River Edge, New Jersey",Jazz,1,,40,CD Premiums
"Cutler, Grant - Self Portrait",Classical,1,,40,CD Premiums
"Aksoy, Ozan - Ozan",World,2,,40,CD Premiums
"Thoegersen, Peter - Three Pieces In Polytempic Polytonality",Classical,1,,40,CD Premiums
"Crack Pipes, The - FakeEyelashes",Rock,1,,40,CD Premiums
"Carroll, Adam - I Walked In Them Shoes",Folk/CW,1,,40,CD Premiums
Darkthrone - Arctic Thunder,Metal,1,https://lastfm-img2.akamaized.net/i/u/300x300/b64260133146c366c3db8319cde41112.png,40,CD Premiums
"Davies, Ray - Americana",Rock,1,,40,CD Premiums
Dawn Of Disease - Ascension Gate,Metal,1,https://lastfm-img2.akamaized.net/i/u/300x300/6cf73a6c9c8915e0c5b36bfe1abaa311.png,40,CD Premiums
Deadlocks - Hybris,Metal,1,,40,CD Premiums
Ten Fe - Future Perfect Tense,Rock,1,,40,CD Premiums
"Decker, E.J. - Bluer Than Velvet",Jazz,2,,40,CD Premiums
Imar - Avalanche,Folk/CW,1,,40,CD Premiums
"Delt, Morgan - Phaze Zero",Rock,1,,40,CD Premiums
DeVotchKa - DeVotchKa,Rock,1,,40,CD Premiums
Dervish - The Thrush in the Storm,Celtic,2,https://lastfm-img2.akamaized.net/i/u/300x300/e1cf22a72d5b4d71941e57139374a495.png,40,CD Premiums
Deus Ex Machina - Devoto,Jazz,1,https://lastfm-img2.akamaized.net/i/u/300x300/81894acb1b9d2bc21c47559eb12d5d0b.png,40,CD Premiums
"Devil Makes Three, The - I'm A Stranger Here",Folk/CW,1,,40,CD Premiums
DHG (Dodheinsgard) - A Umbre Omega,Metal,1,,40,CD Premiums
Dolce Suono Trio - American Canvas,Classical,1,,40,CD Premiums
Lampchop - This (Is What I Wanted To Tell You),Rock,1,,40,CD Premiums
Dreadnaught - Hard Chargin',Rock,1,https://lastfm-img2.akamaized.net/i/u/300x300/f4060652c2452522853f8093c4157a0c.png,40,CD Premiums
Tyoesetter - Nothing Blues,Rock,1,,40,CD Premiums
Lords of the Highway - More Rock Than Billy,Rock,1,,40,CD Premiums
Duo Damiana - Castillos de Viento,Classical,1,,40,CD Premiums
"Duran, Hilario - Contumbao",Latin,1,,40,CD Premiums
"Dustbowl Revival, The - With A Lampshade On",Folk/CW,1,,40,CD Premiums
DWNTWN - Racing Time,Rock,1,https://lastfm-img2.akamaized.net/i/u/300x300/b1634ffa85dd0c3d3b7980f38e437e7c.png,40,CD Premiums
"Lemonheads, The - Varshons II",Rock,1,,40,CD Premiums
"Feller, Ross - X / Winds",Classical,1,,40,CD Premiums
Elements - The Alchemy,Jazz,1,,40,CD Premiums
"Eastwood, Kyle - Tiem Pieces (Autographed)",Jazz,1,,40,CD Premiums
"Eastwood, Kyle - The View From Here",Jazz,1,,40,CD Premiums
Eden Bridge - The Great Momentum,Metal,1,,40,CD Premiums
Eighth Blackbird - Hand Eye,Classical,1,https://lastfm-img2.akamaized.net/i/u/300x300/35a023a375d449125f26e112e609a9be.png,40,CD Premiums
"Eitzel, Mark - Hey Mr. Ferryman",Rock,1,,40,CD Premiums
"Elders, The - Gael Day",Celtic,1,,40,CD Premiums
"Ellis, Tinsley - Winning Hand",Blues,3,,40,CD Premiums
"Ensemble Novo - Who Saw You Then, Who Sees You Now",Jazz,1,,40,CD Premiums
Ergo - As Subtle As Tomorow,Jazz,1,,40,CD Premiums
"Evans, Adison - Meridian",Jazz,1,,40,CD Premiums
Exit Eden - Rhapsodies In Black,Metal,1,https://lastfm-img2.akamaized.net/i/u/300x300/d3c8b127648504d087a8b249fd0fbb22.png,40,CD Premiums
"Fairouz, Mohammed - Follow, Poet",Classical,1,,40,CD Premiums
Fanfare Ciocarlia - Gili Garabdi,World,1,,40,CD Premiums
Aftermath - There Is Something Wrong,Metal,1,https://lastfm-img2.akamaized.net/i/u/300x300/91e4f328b53f5198dcc59831f785ed4d.png,40,CD Premiums
"Figarova, Amina - Blue Whisper",Jazz,2,,40,CD Premiums
"Fink & Marcy Marxer, Cathy - Dancin' in the Kitchen",Folk/CW,1,,40,CD Premiums
Fishboy - Art Guards,Rock,1,https://lastfm-img2.akamaized.net/i/u/300x300/3f1d46a321e2ee22ed0d5dedf8aa01a3.png,40,CD Premiums
"Fleck & Abigail Washburn, Beka - Bela Fleck & Abigail Washburn",Folk/CW,1,,40,CD Premiums
Foam - Coping Mechanism,Rock,1,,40,CD Premiums
Footfall - Secondhand Record Store,Folk/CW,1,,40,CD Premiums
"Franklin, Aretha - A Brand New Me",R&B,1,,40,CD Premiums
"Freeman ZonaVibe, Mike - Blue Tjade","Latin, Jazz",1,,40,CD Premiums
"Freeman ZonaVibe, Mike - See ""Latin""",Jazz,0,,40,CD Premiums
Fresh Produce - 4080,Hip-Hop,1,,40,CD Premiums
"Berries, The - Start All Over Again",Rock,1,,40,CD Premiums
Gold Casio - Sinners EP,Rock,1,,40,CD Premiums
GBH - Momentum,Rock,1,https://lastfm-img2.akamaized.net/i/u/300x300/e8c786eae587c196f39c37b29347cfd9.png,40,CD Premiums
"Gartland, Tim - Million Stars",Blues,1,,40,CD Premiums
"Gartland, Tim - If You Want A Good Woman",Blues,2,,40,CD Premiums
"Gates, Giacomo - What TIme Is It?",Jazz,1,,40,CD Premiums
"Gauthier, Mary - RIfles & Rosary Beads",Folk/CW,2,,40,CD Premiums
"Gauthier, Mary - Trouble & Love",Folk/CW,1,,40,CD Premiums
"Gitter and The Ute Mountain Gang, Dean - Carl Sandburg's American Songbag 2.0",Folk/CW,1,,40,CD Premiums
"Gellert, Rayna - Workin's Too Hard",Folk/CW,1,,40,CD Premiums
"Gibbs & The NDR Bigband, Michael - Play A Bill Frisell Set List",Jazz,1,,40,CD Premiums
"Glasper, Robert - Covered",Jazz,1,,40,CD Premiums
"Gnahore, Dobet - Na Dre",World,2,,40,CD Premiums
Gogo Penguin - A Humdrum Star,Jazz,1,https://lastfm-img2.akamaized.net/i/u/300x300/991f6bf3662835d56b93d9d99bbd848c.png,40,CD Premiums
Goldfrapp - Silver Eye,RPM/Industrial,3,https://lastfm-img2.akamaized.net/i/u/300x300/2453f49cff6178f979df7914dc18d41f.png,40,CD Premiums
"Gotobeds, The - Blood//Sugar//Secs//Traffic",Rock,1,,40,CD Premiums
"Gov't Mule - Revolution, Come... Revolution Go",Rock,1,,40,CD Premiums
"Graves, Cameron - Planetary Prince",Jazz,1,,40,CD Premiums
Green Fields Of America - Green Fields Of America,Celtic,1,,40,CD Premiums
Yowler - Black Dog In My Path,Rock,1,https://lastfm-img2.akamaized.net/i/u/300x300/4dd88b4c10aab5bd2a77d41ba3b4d4fc.png,40,CD Premiums
"Greilsammer, David - Baroque Conversations",Classical,1,,40,CD Premiums
"Hart,Mickey - Ramu",World,1,,40,CD Premiums
Guided By Voices - Space Gun,Rock,1,https://lastfm-img2.akamaized.net/i/u/300x300/3982a05f97b75ba0d0753f825ca70159.png,40,CD Premiums
Hackensaw Boys - Charismo,Folk/CW,1,https://lastfm-img2.akamaized.net/i/u/300x300/f79e2bf1242a6741fbfbacdbf6f2c8a2.png,40,CD Premiums
Havana Maestros - Americuba,Latin,2,,40,CD Premiums
"Hayes & Dennis Cahill, Martin - Welcome Here Again",Celtic,1,,40,CD Premiums
Heavenly Creatures - This Summer Will Kill Us All,Rock,3,https://lastfm-img2.akamaized.net/i/u/300x300/7fb5f24550dfd68828b0529c992977fd.png,40,CD Premiums
"Henderson, Eddie - Collective Portrait",Jazz,2,,40,CD Premiums
Hey Mavis - Honey Man,Folk/CW,1,https://lastfm-img2.akamaized.net/i/u/300x300/0f1131ae30af45799aec054bac0dade1.png,40,CD Premiums
Hibou - Something Familiar,Rock,1,https://lastfm-img2.akamaized.net/i/u/300x300/e0b45f7e6c1e008301728ad52111bafc.png,40,CD Premiums
High On Fire - De Bermis Mysteries,Metal,1,,40,CD Premiums
High Sunn - Missed Connections,Rock,1,https://lastfm-img2.akamaized.net/i/u/300x300/ef8d978461e854efb42722714b15ad61.png,40,CD Premiums
Holy Wave - Freaks of Nurture,Rock,1,https://lastfm-img2.akamaized.net/i/u/300x300/252c58e82966090e98136355cf1f631f.png,40,CD Premiums
Honeyblood - Babes Never Die,Rock,1,https://lastfm-img2.akamaized.net/i/u/300x300/b42d89d284a2c9eb6c771c513d852c44.png,40,CD Premiums
"Andujar, Elena - Flamenco In Time",World,2,,40,CD Premiums
"Walker, Joe Louis et al - Journeys To the Heart Of The Blues",Blues,1,,40,CD Premiums
"Church, Devon - We Are Inextricable",Rock,1,,40,CD Premiums
"Caswell, Rachel - We're All in the Dance",Jazz,1,,40,CD Premiums
"Horn, Shirley - Live at the 4 Queens",Jazz,1,,40,CD Premiums
Martin Group. Barrett - Transcendence,Jazz,1,,40,CD Premiums
House Of Blondes - Time Trip,Rock,1,https://lastfm-img2.akamaized.net/i/u/300x300/c8c1534ade5ce2c9f17c99d069f0898a.png,40,CD Premiums
"Howell and Sudden Changes, Richard - Coming Of Age - Mangaku",Jazz,1,,40,CD Premiums
Howling Bells - Radio Wars,Rock,1,https://lastfm-img2.akamaized.net/i/u/300x300/284674320b25415da4ff1816884df42c.png,40,CD Premiums
Sha La Das - Love In the Wind,R&B,1,,40,CD Premiums
"Hyman, Phyllis - Ultimate",R&B,1,,40,CD Premiums
Hymn For Her - Drive Til You Die,Rock,1,,40,CD Premiums
I'm With Her - See You Around,Folk/CW,1,https://lastfm-img2.akamaized.net/i/u/300x300/b83f023bd0b78c31bfa3a01ba5f32e47.png,40,CD Premiums
Impending Doom - The Sin And Doom Vol. II,Metal,1,https://lastfm-img2.akamaized.net/i/u/300x300/3c606a790653b93a5974b354dca87607.png,40,CD Premiums
Imarhan Timbukto - Akal Warled,World,1,,40,CD Premiums
"Infamous Stringdusters, The - Laws of Gravity",Folk/CW,1,,40,CD Premiums
Insecur Men - Insecure Men,Rock,1,,40,CD Premiums
"Isley Brothers + Santana, The - Power Of Peace",R&B,1,,40,CD Premiums
"Ivers, Eileen - Eileen Ivers & Immigrant Soul",Celtic,2,,40,CD Premiums
"Ivers, Eileen - Beyond The Bog Road",Celtic,1,,40,CD Premiums
"Iyer Sextet, Vijay - Far From Over",Jazz,1,,40,CD Premiums
"Castle, Curt - If I'm Here At All",Rock,1,,40,CD Premiums
Jah Sun - Between The Lines,Reggae,1,https://lastfm-img2.akamaized.net/i/u/300x300/593cf14c1a1c79eb3f2b7daea6f3c330.png,40,CD Premiums
Japanese Wallpaper - Japanese Wallpaper EP,Rock,1,,40,CD Premiums
"Jarrett, Keith - Hamburgh '72",Jazz,1,,40,CD Premiums
"Daversa Big Band, John - American Dreamers",Jazz,1,,40,CD Premiums
Harlem - Oh Boy,Rock,1,https://lastfm-img2.akamaized.net/i/u/300x300/1679a815c2bf0fbfc928087742586592.png,40,CD Premiums
"Poltz, Steve - Shine On",Folk/CW,1,,40,CD Premiums
Boreakis Rex - Cut Your Teeth EP,Rock,1,,40,CD Premiums
"Jones, Glenn - Fleeting",Rock,1,,40,CD Premiums
"Jones, Norah - Day Break",Jazz,1,,40,CD Premiums
Kamelot - The Shadow Theory,Metal,1,https://lastfm-img2.akamaized.net/i/u/300x300/b30f1ac6c5b6bf00ea8b37e12a7c8df8.png,40,CD Premiums
"June, Valerie - The Order Of Time",Folk/CW,1,,40,CD Premiums
"Kahalani, Ravid - Yemen Blues",World,1,,40,CD Premiums
Kambui Chu-Moore - Confier EP,Rock,1,,40,CD Premiums
ORIGINAL CAST - Everybody's Talking About Jamie,Soundtrack/OC,1,,40,CD Premiums
"Kashkashian, Kim - Arcanum",Classical,1,,40,CD Premiums
"Kauflin, Justin - Dedication",Jazz,1,,40,CD Premiums
"Blair, Dennis - Hapless Romantic",Jazz,1,,40,CD Premiums
"Kelly Trio, Wynton / Wes Montgomery - Smokin' In Seattle",Jazz,1,,40,CD Premiums
"Kelly, Mamadou - Adibar",World,1,,40,CD Premiums
Knuckle Pups - San Panino,Rock,1,https://lastfm-img2.akamaized.net/i/u/300x300/a5985ed3a37280bd4d01e342d46a7c08.png,40,CD Premiums
"Khalife & Mahmoud Darwish, Marcel - Andalusia Of Love",World,2,,40,CD Premiums
"Khalife, Marcel - Taqasim",Jazz,1,,40,CD Premiums
"Transgressors, The - They Made Her A Criminal",Rock,1,,40,CD Premiums
Sons of New York - American Dream,Rock,1,,40,CD Premiums
King Leg - Meet King Leg,Rock,1,https://lastfm-img2.akamaized.net/i/u/300x300/bf5e973e530f6382120ecf732fa7e0d2.png,40,CD Premiums
"King, Guy - Truth",Blues,1,,40,CD Premiums
"King, Jr., The Rev. Dr.Martin Luther - In Search Of Freedom, Excerpts from his Most memorable Speeches",Spoken Word,1,,40,CD Premiums
King Parrot - Ugly Produce,Metal,1,https://lastfm-img2.akamaized.net/i/u/300x300/49c2991399306f21e1b0f43ce42525ab.png,40,CD Premiums
Korba and the Lotus - Prevail,Metal,1,,40,CD Premiums
"Kouyate & Ngoni Ba, Bassekou - I Speak Fula",World,1,,40,CD Premiums
"Kuti, Femi - One People One World",World,2,,40,CD Premiums
L.A. Guns - Toronto 1990,Metal,2,,40,CD Premiums
La Femme - Mystere,Rock,1,https://lastfm-img2.akamaized.net/i/u/300x300/d2a184d5bf33540b11a64be671de2b3c.png,40,CD Premiums
Ladysmith Black Mambazo - Songs of Peace & Love,World,1,,40,CD Premiums
"LaFarge, Pokey - Manic Revelations",Rock,1,,40,CD Premiums
"Laidler, Brent - No Matter Where Noir",Jazz,3,,40,CD Premiums
"Landrum, Michael - Nocturnes",Classical,1,,40,CD Premiums
"Langhorne Slim - Lost At Last, Vol. 1",Rock,1,https://lastfm-img2.akamaized.net/i/u/300x300/7799256fcc5e93d847a90329e268469a.png,40,CD Premiums
Jack Mouse Group - Intimate Adversary,Jazz,1,,40,CD Premiums
"Lapidus & Kari-B3, Benjamin - Ochosi Blues","Latin, Jazz",1,,40,CD Premiums
Laser Background - Dark Nuclear Bogs,Rock,1,https://lastfm-img2.akamaized.net/i/u/300x300/97e0c4e95525bcf26996a71cfc847fba.png,40,CD Premiums
Le Trio Joubran - Majaz,World,1,https://lastfm-img2.akamaized.net/i/u/300x300/34cd7e679ccd4761b677524562ad39a4.png,40,CD Premiums
"Lemos, Jose - Io Vidi In Terra",Classical,1,,40,CD Premiums
Led Bib - Umbrella Weather,Jazz,1,https://lastfm-img2.akamaized.net/i/u/300x300/0ac3bacb5c744d11be79066f63536bed.png,40,CD Premiums
Legendary Shack Shakers - Agri-dustrial,Folk/CW,1,,40,CD Premiums
"Levin, Sam - I Am",Rock,1,,40,CD Premiums
"Lewis and Texas Fire, Sharon - Grown Ass Woman",Blues,1,,40,CD Premiums
Liars - TFCF,Rock,1,https://lastfm-img2.akamaized.net/i/u/300x300/a7a92645a49a419ab602ef4654f88b87.png,40,CD Premiums
"Cash, Rosanne - She Remembers Everything",Folk/CW,1,,40,CD Premiums
"Liebman, Dave / Joe Lovano - Compassion, The Music of John Coltrane",Jazz,1,,40,CD Premiums
Lil' Ed and the BLues Imperials - The Big Sound of Lil' Ed and The Blues Imperials,Blues,1,,40,CD Premiums
Lissie - Back To Forever,Rock,1,https://lastfm-img2.akamaized.net/i/u/300x300/3ad3b0cb4f0f51e9f144390ed1a7d07f.png,40,CD Premiums
Living Colour - Shade,Metal,1,https://lastfm-img2.akamaized.net/i/u/300x300/9572b9e7247b687edf127c56b07ade09.png,40,CD Premiums
"Lloyd, Charles / Jason Moran - Hagar's Song",Jazz,1,,40,CD Premiums
LNZNDRF - LNZNDRF,Rock,2,https://lastfm-img2.akamaized.net/i/u/300x300/7074dc2ebc62f45f66a3d72608c87701.png,40,CD Premiums
Locos Por Juana - Caribe,World,1,https://lastfm-img2.akamaized.net/i/u/300x300/07382812ab03475911d2b414d780d891.png,40,CD Premiums
Lonesome Leash - Delicate Art,Rock,1,https://lastfm-img2.akamaized.net/i/u/300x300/043a61a55ba2c9da66b4fe728720b8da.png,40,CD Premiums
Lord Mouse and the Kalypso Katz - Go Calypsonian,Reggae,1,,40,CD Premiums
Lords of the Highway - Rarities,Rock,1,,40,CD Premiums
Airhead DC - Crush Hi,Rock,1,,40,CD Premiums
"Mabern, Harold - Afro Blue",Jazz,1,,40,CD Premiums
Madeleine & Salomon - A Woman's Journey,Jazz,2,,40,CD Premiums
"Mainieri, Mike - An American Diary",Jazz,2,,40,CD Premiums
"Markovic Orchestra, Boban & Marko - Gipsy Manifesto",World,2,,40,CD Premiums
"Markovic Orchestra, Boban & Marko - Golden Horns (The Best of)",World,1,,40,CD Premiums
"Marsalis and the 21st Century Trad Band, Jason - Melody Reimagined",Jazz,3,,40,CD Premiums
"Marsalis presents the Uptown Jazz Orchestra, Delfayo - Make America Great Again!",Jazz,2,,40,CD Premiums
"Marshal & Darol Anger, Mike - With Vashan",Folk/CW,1,,40,CD Premiums
"Martin and the Steep Canyon Ramblers, Steve - Long Awaited Album, The",Folk/CW,1,,40,CD Premiums
Martinez Group. The Pedro - Habana Dreams,Latin,1,,40,CD Premiums
"Martinez, Ray - Legacy",Jazz,1,,40,CD Premiums
"Matinee, The - Dancing On Your Grave",Rock,1,,40,CD Premiums
"Mavericks, The - Trampoline",Rock,1,https://lastfm-img2.akamaized.net/i/u/300x300/7ac3f2cbecd74c35cc9e8190f199cebf.png,40,CD Premiums
"Mayall, John - Three For The Road",Blues,2,,40,CD Premiums
"Mazurek and Black Cube SP, Rob - Return the  Tides: Ascension Suite and Holy Ghost",Jazz,1,,40,CD Premiums
Tellico - Woven Waters,Folk/CW,1,https://lastfm-img2.akamaized.net/i/u/300x300/17fc3d407f5bb0b1d6c656da9877225f.png,40,CD Premiums
"McDonald, Michael - Wide Open",Folk/CW,1,,40,CD Premiums
"McEuen, John - Rootsmusic Made In Brooklyn",Folk/CW,1,,40,CD Premiums
"McFarlane, Ronn & William Simms - Two Lutes",Classical,1,,40,CD Premiums
"McFerrin, Bobby - Spirit You All",Jazz,1,,40,CD Premiums
Megaherz - Komet,Metal,1,https://lastfm-img2.akamaized.net/i/u/300x300/0c5e5bdcae597fcc722e8af82cd4aacb.png,40,CD Premiums
"McPhersph, JD - Let The Good Times Roll",Folk/CW,2,,40,CD Premiums
Megadeth - Dystopia,Metal,1,https://lastfm-img2.akamaized.net/i/u/300x300/92f4b193feede0f5199cba506e21dcb8.png,40,CD Premiums
Mendes. Sergio - Magic,Jazz,1,,40,CD Premiums
Merzbow / Mats Gustafsson et al - Cuts of Guilt Cuts Deeper,Jazz,1,,40,CD Premiums
Better Oblivion Community Center - Better Oblivion Community Center,Rock,1,https://lastfm-img2.akamaized.net/i/u/300x300/2352f3fe880b5bdfb7b94c098bcc7af4.png,40,CD Premiums
Miriodor - Signal 9,Rock,1,https://lastfm-img2.akamaized.net/i/u/300x300/ec8578b6f558dd487cbba61f8b4d69a4.png,40,CD Premiums
Mississippi Heat - Cab Driving Man,Blues,2,https://lastfm-img2.akamaized.net/i/u/300x300/f1063957c3da09fdc12c6b62bb4ca1b1.png,40,CD Premiums
"Monasterios, Silvano - Partly Sunny","Latin, Jazz",1,,40,CD Premiums
Buzzcocks - Love Bites,Rock,1,https://lastfm-img2.akamaized.net/i/u/300x300/f5d68123548056224c905b06ff9e753d.png,40,CD Premiums
"Moonlandingz, The - Interplanetary Class Classic",Rock,1,,40,CD Premiums
"Whiteley, Brad - Presence",Jazz,1,,40,CD Premiums
"Moore & Jason Falkner, R. Stevie - Make It Be",Rock,1,,40,CD Premiums
"Moore, Stanton - With You In Mind",Jazz,2,,40,CD Premiums
"Moroder, Giorgio - Deja-M",RPM/Industrial,1,,40,CD Premiums
"Moss Band, The Nick - The High Cost Of Low Living",Blues,2,,40,CD Premiums
Mount Moriah - How To Dance,Rock,2,https://lastfm-img2.akamaized.net/i/u/300x300/e763f0c306493a9b109988f8596b9a26.png,40,CD Premiums
Grave Digger - The Living Dead,Metal,1,https://lastfm-img2.akamaized.net/i/u/300x300/19a7d35cca0ab6068bf1daeeddd36635.png,40,CD Premiums
"Muhly & Teitur, Nico - Confessions",Rock,1,,40,CD Premiums
"Mullins & The Radio Ramblers, Joe - Another Day From Life",Folk/CW,2,,40,CD Premiums
"Nagano & Diana Danrau, Kent - Japanese Children Songs",Classical,1,,40,CD Premiums
Existential - Void Guardian,Metal,1,,40,CD Premiums
Nawal - The Voice of the Cosmos,World,1,,40,CD Premiums
"Navarrete, Brenda - Mi Mundo",Latin,1,,40,CD Premiums
"Nelson, Willie - To All The GIrls...",Folk/CW,1,,40,CD Premiums
"Nelson, Willie - Summertime - Willie Nelson Sings Gershwin",Folk/CW,1,,40,CD Premiums
"Nelson,Willie - God's Problem Child",Folk/CW,1,,40,CD Premiums
New Orleans Suspects - Ouroboros,Rock,2,,40,CD Premiums
"Nichols, Jeb Roy - Country Hustle",Folk/CW,1,,40,CD Premiums
Nightwish - Endles Forms Most Beautiful,Metal,1,,40,CD Premiums
"Claypool Lennon Delirium, The - South of Reality",Rock,1,,40,CD Premiums
"Nyaz - Best of Niyaz, The",RPM/Industrial,1,,40,CD Premiums
"O'Brien & Darrel Scott, Tim - Memories and Moments",Folk/CW,1,,40,CD Premiums
O'Connor Band with Mark O'Connor - O'Connor Band Live!,Folk/CW,1,,40,CD Premiums
Newpoli - Mediterraneo,World,4,,40,CD Premiums
"De Ausustine, Angelo - Tomb",Rock,1,,40,CD Premiums
Obake - Draugr,Jazz,1,https://lastfm-img2.akamaized.net/i/u/300x300/9eb0ee8fd935def61f1e4943352aa33c.png,40,CD Premiums
"Ochoa & Alma Latina, Eliades - Guajira + Mas Guajira",World,2,,40,CD Premiums
Naked Giants - Sluff,Rock,1,https://lastfm-img2.akamaized.net/i/u/300x300/33bf054019ce72164b4aa0955aa831ca.png,40,CD Premiums
"Ohora with the 18 Wheelers, Zephanian - This Highway",Folk/CW,1,,40,CD Premiums
Okkervil River - Away,Rock,1,https://lastfm-img2.akamaized.net/i/u/300x300/82268ea4ff4e6b8691367eb972f4dd27.png,40,CD Premiums
"Omicil, Jowee - Let's Bash!",Jazz,1,,40,CD Premiums
ORIGINAL CAST - Vanities (Original Broadway Cast),Soundtrack/OC,1,,40,CD Premiums
ORIGINAL CAST - Xanadu On Broadway,Soundtrack/OC,1,,40,CD Premiums
ORIGINAL CAST - Flower Drum Song (2003 Cast),Soundtrack/OC,1,,40,CD Premiums
ORIGINAL CAST - The Immigrant: A New American Musical (World Premiere Recording),Soundtrack/OC,1,,40,CD Premiums
ORIGINAL CAST - Big Fish,Soundtrack/OC,1,,40,CD Premiums
ORIGINAL CAST - The Producers,Soundtrack/OC,1,,40,CD Premiums
ORIGINAL CAST - Grey Gardens (A New Musical),Soundtrack/OC,2,,40,CD Premiums
"ORIGINAL CAST - An American In  Paris, A New Musical",Soundtrack/OC,4,,40,CD Premiums
ORIGINAL CAST - Hello Dolly (Bette Midler) 2017,Soundtrack/OC,2,,40,CD Premiums
"Temple Rockers, The - Festival Of Lights",Reggae,1,,40,CD Premiums
ORIGINAL CAST - A New Brain (2015 NY Cast),Soundtrack/OC,2,,40,CD Premiums
ORIGINAL CAST - Dreamgirls (Original London Cast),Soundtrack/OC,1,,40,CD Premiums
ORIGINAL CAST - Charlie and the Chocolate Factory,Soundtrack/OC,1,,40,CD Premiums
StingShot - Blues & Latin,Latin,1,,40,CD Premiums
Minor Empire - Uprooted,World,1,https://lastfm-img2.akamaized.net/i/u/300x300/a564a1c075b9e1bf898147741fd4179a.png,40,CD Premiums
Paddy and the Rats - Riot City Outlaws,Metal,1,,40,CD Premiums
Ranky Tanky - Ranky Tanky,World,2,https://lastfm-img2.akamaized.net/i/u/300x300/7d362886be3dac77fd547718c930bca9.png,40,CD Premiums
"Kahn & The Painted Bird, Daniel - The Butcher's Share",World,1,,40,CD Premiums
JU - Summa,Jazz,1,,40,CD Premiums
Gato Preto - Tempo,"RPM/Industrial, World",14,https://lastfm-img2.akamaized.net/i/u/300x300/20793e8c84496eceffa0250fb3224c41.png,40,CD Premiums
"Potter Underground Orchestra, Chris - Imaginary Cities",Jazz,1,,40,CD Premiums
"Potter, Chris - The Sirens",Jazz,1,,40,CD Premiums
Pow! - Crack An Egg,Rock,1,https://lastfm-img2.akamaized.net/i/u/300x300/e1d85bbf29320e757e57b0135b03a50c.png,40,CD Premiums
Preservation Hall Jazz Band - That's It,Jazz,3,,40,CD Premiums
"Presley, Elvis - The Wonder of You (with the Royal Philharmonic Orchestra)",Rock,1,,40,CD Premiums
Prime Ministers - Asymmetric,Rock,2,,40,CD Premiums
Primus - Desaturating Seven,Rock,1,,40,CD Premiums
"Prine, John - The Tree Of Forgiveness",Folk/CW,1,,40,CD Premiums
"Prodigy, The - The Day Is My Enemy",RPM/Industrial,1,,40,CD Premiums
Puppets Of Castro - Puppets Of Castro (Cleveland Band),Rock,1,,40,CD Premiums
Queens Of The Stone Age - Villians,Rock,1,https://lastfm-img2.akamaized.net/i/u/300x300/5c17400fb9c81d533723efa56be9b535.png,40,CD Premiums
Quor - The Way We Are,Metal,3,https://lastfm-img2.akamaized.net/i/u/300x300/9eb326d582ddb5cf1a38831131da8477.png,40,CD Premiums
Lotus - Frames Per Second,Rock,1,https://lastfm-img2.akamaized.net/i/u/300x300/8041f0c19db5c7622ee42b8797babfcd.png,40,CD Premiums
"Raabe & Palast Orchester, Max - Heute Nacht Oder Nie",Jazz,1,,40,CD Premiums
"Randolph & The Family Band, Robert - Got Soul",R&B,1,,40,CD Premiums
"Rangell, Andrew - Johann Sebastian Bach:The Art of the Fugue",Classical,1,,40,CD Premiums
"Rateliff & The NIght Sweats, Nathaniel - Tearing At The Beams",R&B,1,,40,CD Premiums
"Rateliff & The NIght Sweats, Nathaniel - Live At Red Rocks",R&B,1,,40,CD Premiums
Rebel Tumbao - Rebel Tumbao,Reggae,1,,40,CD Premiums
"Record Company, The - Give It Back To You",Rock,1,,40,CD Premiums
Red Baraat - Bhangra Pirates,World,2,https://lastfm-img2.akamaized.net/i/u/300x300/6f974ab46b0e5ac849bcf25a0cf74f24.png,40,CD Premiums
Reflections In Cosmos - Reflections In Cosmos,Jazz,1,,40,CD Premiums
Renascene - What Remains Unseen,Rock,1,,40,CD Premiums
Renascene - Music Uniquely Yours Volume 1,Rock,2,,40,CD Premiums
Reptar - Lurid Glow,Rock,1,https://lastfm-img2.akamaized.net/i/u/300x300/5d0fd083dbc14a4eca6e4dc12286f191.png,40,CD Premiums
Reverend Raven and the Chain Smokin' Altar Boys - Shake Your Boogie,Blues,1,https://lastfm-img2.akamaized.net/i/u/300x300/b055ee6e146c44c9887646460855fa1b.png,40,CD Premiums
Revolution Brass Band - Revolution Brass Band,Jazz,1,https://lastfm-img2.akamaized.net/i/u/300x300/1751841b42cb4691c64e8ba105431c60.png,40,CD Premiums
"Rigby, Amy - The Old Guys",Folk/CW,1,,40,CD Premiums
ORIGINAL CAST - Avenue Q (Original Broadway Cast),Soundtrack/OC,1,,40,CD Premiums
"Robillard, Duke - Duke & HIs Dames Of Rhythm",Blues,1,,40,CD Premiums
"Romano, Danilel - Modern Pressure",Folk/CW,1,,40,CD Premiums
"Spiro & Joe Galvin, Michael - Bakini: En el Nuevo Mundo",World,4,,40,CD Premiums
"Cissokho & Kaira Ba, Diali - Routes",World,1,,40,CD Premiums
"Rowden, Mandy - 1000 Miles",Folk/CW,1,,40,CD Premiums
"Rudolph & Go: Organic Orchestra, Adam - Sonic Mandala",Jazz,1,,40,CD Premiums
"Ruffins & Irvin Mayfield, Kermit - A Beautiful World",Jazz,3,,40,CD Premiums
Rumahoy - The Triumph of Piracy,Metal,2,https://lastfm-img2.akamaized.net/i/u/300x300/aaa3c048d0f1522c338608862b1e67b2.png,40,CD Premiums
"Sage, Rachael - Choreographic",Rock,1,,40,CD Premiums
"Salgado & Alan Hagar, Curtis - Rough Cut",Blues,3,,40,CD Premiums
Makru - Tu Mission,World,4,,40,CD Premiums
San Crisco - The Water,Rock,1,,40,CD Premiums
"Sekhon, Baljinder - Places & Times",Classical,2,,40,CD Premiums
Santana - Supernatural,Rock,1,https://lastfm-img2.akamaized.net/i/u/300x300/e0768c9cc59841788cef3dec1895b25f.png,40,CD Premiums
"Schantz Quartet, The Jack - Speechless",Jazz,1,,40,CD Premiums
"Schwartz-Fox Blues Crusade, The - Sunday Morning Revival",Blues,2,,40,CD Premiums
Seattle Symphony - Dutilleux: Sur Le Meme Accord,Classical,1,,40,CD Premiums
Seattle Symphony - Ives: 3 Places In New england / Orch. Set No. 2 / New England Holidays,Classical,1,,40,CD Premiums
Seattle Symphony - Messian: Poems Pour Mi / TRois Petites Liturgies de la Precence Divine,Classical,1,,40,CD Premiums
Serious Black - Magic,Metal,1,https://lastfm-img2.akamaized.net/i/u/300x300/2d773f5b5441d954b53264d7bdf06a94.png,40,CD Premiums
"Seymali, Moura Mint - Tzenni",World,1,,40,CD Premiums
"Seymali, Noura Mint - Azawan II",World,3,,40,CD Premiums
"Shacks, The - Haze",Rock,1,,40,CD Premiums
"Shapre and The Magnetic Zeros, Edward - Person A",Rock,1,,40,CD Premiums
"Sover, Greg - Jubilee",Blues,1,,40,CD Premiums
Simian Mobile Disco - Murmurations,RPM/Indistrial,1,https://lastfm-img2.akamaized.net/i/u/300x300/42c277b73c938ac7b7b6ceebe9ae4f63.png,40,CD Premiums
Shylmagohnar - Transience,Metal,1,,40,CD Premiums
Shovels & Rope - Little Seeds,Rock,1,https://lastfm-img2.akamaized.net/i/u/300x300/53d898f884adcf032854ec6485bf652c.png,40,CD Premiums
"Sidran, Ben - Picture Him Happy",Jazz,1,,40,CD Premiums
Skindred - Big Tings,Metal,2,https://lastfm-img2.akamaized.net/i/u/300x300/1d0d9d48ed0142cf377dc45c23668e21.png,40,CD Premiums
Slavic Soul Party - Taketron,World,1,,40,CD Premiums
"Smith & Mike Nock, Howie - Opal Dream",Jazz,1,,40,CD Premiums
Socks In the Frying Pan - Return of the Giant Sock Monsters from Outer Space,Celtic,1,,40,CD Premiums
Sohn - Rennen,Rock,1,https://lastfm-img2.akamaized.net/i/u/300x300/32a513a1f4d83e541b46cf38d90f22bd.png,40,CD Premiums
Sons Of Apollo - Psychic Symphony,Metal,1,,40,CD Premiums
Soul Remnants - Oroboros,Metal,1,,40,CD Premiums
Soulive - No Place Like Soul,R&B,1,https://lastfm-img2.akamaized.net/i/u/300x300/872b779a5f434fc5b4f995000134cc88.png,40,CD Premiums
SOUNDTRACK - Small Soldiers,"Rock, Soundtrack/OC, Folk/CW",1,,40,CD Premiums
SOUNDTRACK - Star Wars Episode II: Attack of the Clones,"Soundtrack/OC, Folk/CW",1,,40,CD Premiums
SOUNDTRACK - Superman: The Movie,"Soundtrack/OC, Folk/CW",1,,40,CD Premiums
SOUNDTRACK - There Will Be Blood (Original Music by Jonny Greenwood),"Soundtrack/OC, Folk/CW",1,,40,CD Premiums
SOUNDTRACK - Inside Llewyn Davis,"Soundtrack/OC, Folk/CW",1,,40,CD Premiums
SOUNDTRACK - I Saw The Light,"Soundtrack/OC, Folk/CW",1,,40,CD Premiums
SOUNDTRACK - Miles Ahead,"Soundtrack/OC, Folk/CW",4,,40,CD Premiums
"SOUNDTRACK - Wizard of Oz, The","Soundtrack/OC, Folk/CW",1,,40,CD Premiums
SOUNDTRACK - TV - Hairspray Live!,Soundtrack/OC,2,,40,CD Premiums
SOUNDTRACK - TV - The Wiz Live!,Soundtrack/OC,4,,40,CD Premiums
"Spektor, Regina - Remember Us To Life",Rock,1,,40,CD Premiums
"Duni Quartet, Elina - Matane Malit",Jazz,1,,40,CD Premiums
Spoon - Hot Thoughts,Rock,1,https://lastfm-img2.akamaized.net/i/u/300x300/73c47683deeea594f044407d8c0bae50.png,40,CD Premiums
"Stern, Leni - Leni Stern: 3 woth Mamadou Ba  & Alioune Faye",World,1,,40,CD Premiums
"Staton, Candi - Unstopable",R&B,1,,40,CD Premiums
"Stallman, Robert - Bach Sonatas for Flute & Obbligato Harpsichord",Classical,1,,40,CD Premiums
"Stern, Leni - Jelell",World,1,,40,CD Premiums
Stone Irr - Sinner,Rock,1,https://lastfm-img2.akamaized.net/i/u/300x300/3e843f273ad746e88e0dc8f628ac1a7b.png,40,CD Premiums
"STRFKR - Being No One, Going Nowhere",Rock,5,,40,CD Premiums
STSS - The Universe Inside,RPM/Industrial,1,,40,CD Premiums
"Stuart, Marty - Way Out West",Folk/CW,2,,40,CD Premiums
Suicidal Tendencies - World Gone Mad,Rock,1,https://lastfm-img2.akamaized.net/i/u/300x300/b3d8a34fba8e8c099054a9b46836f207.png,40,CD Premiums
"Newcomer, Carrie - The Point of Arrival",Folk/CW,1,,40,CD Premiums
"London, Edwin - CRI American Masters",Classical,1,,40,CD Premiums
Takaaki - New Kid In Town,Jazz,1,,40,CD Premiums
"Taylor, Alexis - Beautiful Thing",Rock,1,,40,CD Premiums
"Swallow Quartet, The Steve - Into The Woodwork",Jazz,2,,40,CD Premiums
Sweet Honey In The Rock - XLoveOnEvolution,Folk/CW,1,,40,CD Premiums
"Taborn Trio, Craig - Chants",Jazz,1,,40,CD Premiums
Talisco - Capitol Vision,Rock,1,https://lastfm-img2.akamaized.net/i/u/300x300/f788e3c240c03b96b8d16a8223093b73.png,40,CD Premiums
"Tandon, Chandrika Krishnamurthy - Soul March",World,2,,40,CD Premiums
"Tassa, Dudu - DuduTassa & The Kumaitis",World,1,,40,CD Premiums
Tedeschi Trucks Band - Let Me Get By,Blues,1,https://lastfm-img2.akamaized.net/i/u/300x300/3b5b1655fb03b69406dd360ce046a275.png,40,CD Premiums
Tengger Cavalry - Cian Bi,Metal,1,,40,CD Premiums
Terror Universal - Make Them Bleed,Metal,1,https://lastfm-img2.akamaized.net/i/u/300x300/2b09fbfb3fb13a2623bed8191f393144.png,40,CD Premiums
"Thorn, Tracy - Record",Rock,2,,40,CD Premiums
Timbre Timbre - Hot Dreams,Rock,1,,40,CD Premiums
Tin Huey - Before Obscurity: The Bushflow Tapes,Rock,1,https://lastfm-img2.akamaized.net/i/u/300x300/0ce8abcab8904de2b4343059ed447a03.png,40,CD Premiums
Tinariwen - Elwan,World,1,https://lastfm-img2.akamaized.net/i/u/300x300/ef8bec9ee6be4a657392f711ed9be0fd.png,40,CD Premiums
Tonstartssbandht - Tonstartssbandht,Rock,1,,40,CD Premiums
"Torke, Michael - Three Manhattan Bridges",Classical,1,,40,CD Premiums
Tour De Force - Battle Cry + Battle Cry Remixed,Reggae,2,,40,CD Premiums
"Toure & Julia Easterlin, Vieux Farka - Touriates",RPM/Industrial,1,,40,CD Premiums
"Towner, Ralph - Batik",Jazz,1,,40,CD Premiums
"Marie, Tracy - Beautiful Mess",Folk/CW,3,,40,CD Premiums
Trampled Under Foot - Badlands,Blues,1,https://lastfm-img2.akamaized.net/i/u/300x300/c483407e41a74fecafb29e50ef9d63e9.png,40,CD Premiums
Tri Voci - Takemitsu / Debussy / Gubaidulina,Classical,1,,40,CD Premiums
"Trinada, Joshua - In November",Jazz,1,,40,CD Premiums
Trombone Shorty - Parking Lot Symphony,Jazz,1,https://lastfm-img2.akamaized.net/i/u/300x300/6dec2813ba01ee46e9bf2ba2b7b1989f.png,40,CD Premiums
"Gupta, Sameer - A Circle Has No Beginning",Jazz,3,,40,CD Premiums
U-Men - U-Men,Rock,1,https://lastfm-img2.akamaized.net/i/u/300x300/d03a547297b2fd76166702d0296c3b59.png,40,CD Premiums
Vishten - Terre Rouge,World,2,,40,CD Premiums
Vandoliers - The Native,Folk/CW,2,https://lastfm-img2.akamaized.net/i/u/300x300/2102c9874400002eb4336c82b72eab66.png,40,CD Premiums
VARIOUS ARTISTS - Blind Raccoon Collection :: Volume 4,"Blues, World, Rock, RPM/Indistrial, Latin",13,,40,CD Premiums
VARIOUS ARTISTS - Ten Cities,"World, Rock, RPM/Indistrial, Blues, Latin",1,https://lastfm-img2.akamaized.net/i/u/300x300/5479820e79dc260dc48d028ced5f28bc.png,40,CD Premiums
VARIOUS ARTISTS - Wired for Sound - Mocambique,"World, Rock, RPM/Indistrial, Blues, Latin",1,,40,CD Premiums
VARIOUS ARTISTS - globalFEST Selector,"World, Rock, RPM/Indistrial, Blues, Latin",1,,40,CD Premiums
VARIOUS ARTISTS - Quiero Creedence,"Rock, RPM/Indistrial, Blues, Latin",1,https://lastfm-img2.akamaized.net/i/u/300x300/f4c8afd2f4adff3f6ec825d461db16f1.png,40,CD Premiums
VARIOUS ARTISTS - Mojo Presents 15 Tracks That Powered The Beatles in Hamburg,"Rock, RPM/Indistrial, Blues, Latin",1,,40,CD Premiums
VARIOUS ARTISTS - France Rocks Vol. 4,"Rock, RPM/Indistrial, Blues, Latin",1,,40,CD Premiums
VARIOUS ARTISTS - Mojo Presentsd Something Else: A Tribute To The Kinks,"Rock, RPM/Indistrial, Blues, Latin",1,,40,CD Premiums
VARIOUS ARTISTS - Dear Jerry: Celebrating The Music of Jerry Garcia,"Rock, RPM/Indistrial, Blues, Latin",1,,40,CD Premiums
VARIOUS ARTISTS - Burning Bowl Records Presents Music For Film,"RPM/Indistrial, Blues, Latin, Rock",3,,40,CD Premiums
VARIOUS ARTISTS - Blind Raccoon Collection :: Volume 3,"Blues, Latin, Rock",1,,40,CD Premiums
Varttina - Iki,World,1,,40,CD Premiums
"Verch, April - Bright Like Gold",Folk/CW,2,,40,CD Premiums
Viet Cong - Viet Cong,Rock,1,https://lastfm-img2.akamaized.net/i/u/300x300/ac2261a6273645754105aab2ee928ef1.png,40,CD Premiums
Vishten - Mosaik,World,1,,40,CD Premiums
Visions Of Atlantis - The Deep & The Dark,Metal,2,https://lastfm-img2.akamaized.net/i/u/300x300/c0a3aebf8b16c6148fc7fe499bb0d02c.png,40,CD Premiums
"Vo, Van-Anh Vanessa - Three Mountain Pass (feat. Kronos Quartet)",Classical,1,,40,CD Premiums
VARIOUS ARTISTS - Guantanamera: A Spicy Cocktail Mix,"Latin, Rock",5,,40,CD Premiums
Voodoo Terror Tribe - The Sun Shining Cold,Metal,1,https://lastfm-img2.akamaized.net/i/u/300x300/ea6917143d69dafd79e9a561deb02d75.png,40,CD Premiums
"Roberts, Jim - The Tao Of Time",Jazz,2,,40,CD Premiums
Wage War - Deadweight,Metal,1,https://lastfm-img2.akamaized.net/i/u/300x300/62b458ac94b86541c067e670ee2a3e79.png,40,CD Premiums
Wailin' Jennys - Fifteen,Folk/CW,3,,40,CD Premiums
"Ward, M. - More Rain",Rock,1,,40,CD Premiums
Warsaw Village Band - Uprooting,World,1,https://lastfm-img2.akamaized.net/i/u/300x300/c2fb83de8a4921e7945e923deb337cc7.png,40,CD Premiums
Warsaw Village Band - People's Spring,World,1,https://lastfm-img2.akamaized.net/i/u/300x300/291034933943f4acbbf1034e28c35d80.png,40,CD Premiums
WASP - Reidolized (Soundtrack to The Crimson Idol),Metal,1,,40,CD Premiums
Weapons Of Anew - The Collision Of Love and Hate,Metal,1,https://lastfm-img2.akamaized.net/i/u/300x300/022cbd9b9dcb9b4b5590f00313efcb65.png,40,CD Premiums
"Weber, Eberhard - Resume",Jazz,1,,40,CD Premiums
"Weeks & Adowa, Taj - A Waterlogged Soul Kitchen",Reggae,1,,40,CD Premiums
"Weeks & Adowa,Taj - Love Herb & Reggae",Reggae,1,,40,CD Premiums
"Aysola, Anita - Beyond Our Dreams",Jazz,9,,40,CD Premiums
"Weinstein, Mark - Jazz Brasil","Latin, Jazz",1,,40,CD Premiums
"Weinstein, Mark - See ""Latin""",Jazz,0,,40,CD Premiums
"Weir, Bob (of The Grateful Dead) - Blue Mountain",Rock,5,,40,CD Premiums
"Werner, Kenny - Institute of Higher Learning",Jazz,1,,40,CD Premiums
"Whitacre, Eric - Water Night",Classical,1,,40,CD Premiums
"White & SteveMarsh, Ralph - Two Distinguished Gentlemen",Folk/CW,1,,40,CD Premiums
White Lion - Anthology '83-'89,Rock,2,,40,CD Premiums
"Whitfield & The Savages, Barrence - Soul Flowers of Titam",Blues,4,,40,CD Premiums
"Wild Magnolias, The - They Call Us Wild",R&B,1,,40,CD Premiums
"Wilson, Cassandra - Coming Forth By Day",Jazz,1,,40,CD Premiums
"Winslow-King, Luke - Blue Mesa","Rock, Folk/CW",1,,40,CD Premiums
"Winslow-King, Luke - The Coming Tide",Folk/CW,1,,40,CD Premiums
"Womack, Tommy - Now What!",Folk/CW,1,,40,CD Premiums
"Woods Quintet, Phil - Live at the Deer Head Inn",Jazz,1,,40,CD Premiums
WorldService Project - For King & Country,Jazz,1,https://lastfm-img2.akamaized.net/i/u/300x300/030d2a6dcfe4254083787d7802ab26fc.png,40,CD Premiums
"Wye Oak - The Louder I Call, The Faster I Run",Rock,3,,40,CD Premiums
"XX, The - I See You",Rock,1,,40,CD Premiums
"Ying Quartet - Anton Arensky - Quartets No. 1 & 2, Piano Quintet",Classical,1,,40,CD Premiums
Yo La Tengo - There's A Riot Going On,Rock,1,https://lastfm-img2.akamaized.net/i/u/300x300/dc6de0aa4bcd4b7e647f300d6a44ddd6.png,40,CD Premiums
"Yoakam, Dwight - Swimmin' Pools, Movie Stars",Folk/CW,1,,40,CD Premiums
"Yorn, Pete - Arrangingtime",Rock,1,,40,CD Premiums
You Me At Six - Night People,Rock,1,https://lastfm-img2.akamaized.net/i/u/300x300/c046b597086b1d54725a8cd69efa190d.png,40,CD Premiums
Youngblood Brass Band - Pax Volumi,Jazz,1,https://lastfm-img2.akamaized.net/i/u/300x300/3e2a47e44a4e44c2a973215f0d3a00fe.png,40,CD Premiums
"Youngers, The - Picture Of You",Rock,1,,40,CD Premiums
"Zawinul & The Zawinul Syndicate, Joe - 75",Jazz,1,,40,CD Premiums
"Zaza, Neil - Peach",Rock,1,,40,CD Premiums
Zhsoze - Intoxicatingly Lost,Rock,1,,40,CD Premiums
"McGuire, Mike - Sedona",Folk/CW,1,,40,CD Premiums
"Fretless, The - Live from the Ant Farm",Folk/CW,1,,40,CD Premiums
"Graham Trio, Chris - After-Birth Of Cool",Jazz,1,,40,CD Premiums
"True North - Open Road, Broken Heart",Folk/CW,1,https://lastfm-img2.akamaized.net/i/u/300x300/07c41f05ae378480ddeb7c1f4f9d0a34.png,40,CD Premiums
Rini - Maya,World,12,,40,CD Premiums
"Douglas Band, The Jerry - What If",Folk/CW,1,,40,CD Premiums
"Pikelny, Noam - Universal Favorite",Folk/CW,2,,40,CD Premiums
Ordinary Elephant - Before I Go,Folk/CW,1,,40,CD Premiums
"Waifs, The - Ironbark",Folk/CW,1,,40,CD Premiums
Quiles & Cloud - Shake Me Now,Folk/CW,1,https://lastfm-img2.akamaized.net/i/u/300x300/1ad89d3fd3c074b0622f4317e22846c2.png,40,CD Premiums
"Thile & Brad Mehldau, Chris - Chris Thile & Brad Mehldau",Folk/CW,1,,40,CD Premiums
"Mulford, Zoe - Small Brown Birds",Folk/CW,1,,40,CD Premiums
"Sage, Rachael - The Tide EP",Rock,1,,40,CD Premiums
"Docfell & Co. - Heaven, Hell Or Oklahoma",Folk/CW,1,,40,CD Premiums
Thy Antichrist - Wrath of the Beast,Metal,3,https://lastfm-img2.akamaized.net/i/u/300x300/86d370f668bbbc78d1e018435bde2fd1.png,40,CD Premiums
"Young, Rusty - Waitin' for the Sun",Folk/CW,1,,40,CD Premiums
"Wininger, Elly - Little Red Wagon",Folk/CW,1,,40,CD Premiums
Night Tree - Night Tree,Folk/CW,1,,40,CD Premiums
"Mure, Emily - Worth",Folk/CW,1,,40,CD Premiums
Buzzcocks - In A Different Kitchen,Rock,1,https://lastfm-img2.akamaized.net/i/u/300x300/22d9836fffd8e92230285139a50fba98.png,40,CD Premiums
"Grimm & the Family Band, Tim - A Stranger in this Town",Folk/CW,1,,40,CD Premiums
"Robinson & Jim Nunally, Nell - Baby Let's Take the Long Way Home",Folk/CW,1,,40,CD Premiums
"Howe, Alice - You've Been Away So Long",Folk/CW,1,,40,CD Premiums
SOUNDTRACK - American Folk,Folk/CW,1,,40,CD Premiums
Talos - Far Out Dust,Rock,1,https://lastfm-img2.akamaized.net/i/u/300x300/bc7fb062dadf134ccb6c8e573cc03dcb.png,40,CD Premiums
"Connla - Next Chapter, The",Celtic,1,,40,CD Premiums
"Young Novelists, The - In City and Country",Folk/CW,1,,40,CD Premiums
"Collier, Vanessa - Meeting My Shadow",Blues,1,,40,CD Premiums
Skyharbor - Sunshine Dust,Metal,1,https://lastfm-img2.akamaized.net/i/u/300x300/6f5f9ff5640cc491a743899692eb380c.png,40,CD Premiums
"Malone, Micheele - Slings & Arrows",Blues,1,,40,CD Premiums
Downchild - Something I've Done,Blues,1,,40,CD Premiums
Ayreon - Ayreon Universe: Best Of Ayreon Live,Metal,2,https://lastfm-img2.akamaized.net/i/u/300x300/a377e0cb58db58a33f24c984a95b2861.png,40,CD Premiums
"Nabay and the Bubu Gang, Janka - Build Music",World,2,,40,CD Premiums
"Nelson, Willie - My Way",Folk/CW,1,,40,CD Premiums
Mixed Culture - Deluxe Edition,Reggae,2,,40,CD Premiums
Chopteeth Afrofunk Big Band - Bone Reader,World,2,https://lastfm-img2.akamaized.net/i/u/300x300/f32f7650b340829cb0c4ececc93a40c9.png,40,CD Premiums
Terakaft - Aratan N Azawad,World,2,https://lastfm-img2.akamaized.net/i/u/300x300/e840cd059dfb4312a5208280b205d156.png,40,CD Premiums
Le Vent Du Nord - Tetu,"World, Celtic",5,https://lastfm-img2.akamaized.net/i/u/300x300/62448a9275773bec334351f40942491a.png,40,CD Premiums
"Dawuni, Rocky - Hymns For The Rebel Soul",Reggae,1,,40,CD Premiums
Spectre of Ruin - Black Fast,Metal,1,,40,CD Premiums
"London, Frank - A Night In The Old Market Place",Jazz,1,,40,CD Premiums
Ruby Velle & the Soulphonics - State Of All Things,R&B,1,https://lastfm-img2.akamaized.net/i/u/300x300/41baa558551eb96ae2a3818719485c60.png,40,CD Premiums
"Moré, Benny - Ritma",Latin,2,,40,CD Premiums
"Valdes, Chucho - Virtuoso",Latin,4,,40,CD Premiums
Forty Watt Dreams - After The Show,Rock,1,,40,CD Premiums
"Spencer Band, Ron - Into The Blue",Blues,1,,40,CD Premiums
Mod Hippie - Wannabe Nobody,Rock,1,,40,CD Premiums
"Reputations, The - Electric Power",Rock,1,,40,CD Premiums
Leaving Eden - Out Of The Ashes,Metal,1,https://lastfm-img2.akamaized.net/i/u/300x300/c122bbc0fb51525fd9fc0159f15479a8.png,40,CD Premiums
VARIOUS ARTISTS - Mojo Presents The Best Of 2018,Rock,1,,40,CD Premiums
Dr. Dog - Critical Equation,Folk/CW,1,https://lastfm-img2.akamaized.net/i/u/300x300/5ce0fa0c5e898a518ae73c5a0f28bfae.png,40,CD Premiums
"Nicole, Danielle - Cry No More",Blues,4,,40,CD Premiums
"Shepherd Band, Kenny Wayne - Lay It On Down",Blues,4,,40,CD Premiums
"Shepherd Band, Kenny Wayne - Goin' Home",Blues,4,,40,CD Premiums
"Lang, Jonny - Signals",Blues,3,,40,CD Premiums
Southern Avenue - Southern Avenue,Blues,2,https://lastfm-img2.akamaized.net/i/u/300x300/7ad94087d09e27ecf81ee0c41742a901.png,40,CD Premiums
"Mahal & Keb’ Mo’, Taj - TajMo",Blues,1,,40,CD Premiums
"Thorogood & the Delaware Destroyers, George - George Thorogood & the Delaware Destroyers",Blues,1,,40,CD Premiums
"Hooker, John Lee - Whiskey & Wimmen",Blues,1,,40,CD Premiums
"Garfield, David - Jazz Outside The Box",Jazz,2,,40,CD Premiums
Obnox - Bang Messiah,Rock,1,,40,CD Premiums
Moaning - Moaning,Rock,5,,40,CD Premiums
"Stusso, Dick - In Heaven",Rock,4,,40,CD Premiums
"Lucky Losers, The - Blind Spot",Blues,2,,40,CD Premiums